{"cameraMode":{"drawMode":0,"name":"Shaded","section":"Shading Mode"},"sceneLighting":true,"audioPlay":false,"sceneViewState":{"showFog":true,"showMaterialUpdate":false,"showSkybox":true,"showFlares":true,"showImageEffects":true,"showParticleSystems":true,"showVisualEffectGraphs":true,"m_FxEnabled":true},"in2DMode":false,"pivot":{"x":-0.6418488025665283,"y":-5.13601541519165,"z":21.77265167236328},"rotation":{"x":-0.11693987250328064,"y":0.041425641626119617,"z":-0.004899694584310055,"w":-0.9922822117805481},"size":19.543458938598634,"orthographic":false}