{"cameraMode":{"drawMode":0,"name":"Shaded","section":"Shading Mode"},"sceneLighting":true,"audioPlay":false,"sceneViewState":{"showFog":true,"showMaterialUpdate":false,"showSkybox":true,"showFlares":true,"showImageEffects":true,"showParticleSystems":true,"showVisualEffectGraphs":true,"m_FxEnabled":true},"in2DMode":false,"pivot":{"x":453.4122009277344,"y":144.1795654296875,"z":-1554.493408203125},"rotation":{"x":-0.0002734858135227114,"y":-0.999684751033783,"z":0.022805742919445039,"w":-0.012019121088087559},"size":1024.6737060546875,"orthographic":false}