{"cameraMode":{"drawMode":0,"name":"Shaded","section":"Shading Mode"},"sceneLighting":true,"audioPlay":false,"sceneViewState":{"showFog":true,"showMaterialUpdate":false,"showSkybox":true,"showFlares":true,"showImageEffects":true,"showParticleSystems":true,"showVisualEffectGraphs":true,"m_FxEnabled":true},"in2DMode":false,"pivot":{"x":-55.423851013183597,"y":-20.671070098876954,"z":10.920711517333985},"rotation":{"x":0.3525618612766266,"y":-0.004214985761791468,"z":0.0015879786806181074,"w":0.9357814192771912},"size":34.30890655517578,"orthographic":false}