{"cameraMode":{"drawMode":0,"name":"Shaded","section":"Shading Mode"},"sceneLighting":true,"audioPlay":false,"sceneViewState":{"showFog":true,"showMaterialUpdate":false,"showSkybox":true,"showFlares":true,"showImageEffects":true,"showParticleSystems":true,"showVisualEffectGraphs":true,"m_FxEnabled":true},"in2DMode":false,"pivot":{"x":2.7710342407226564,"y":-0.46275901794433596,"z":9.146279335021973},"rotation":{"x":0.033558398485183719,"y":0.7182551622390747,"z":-0.03472544625401497,"w":0.6941055655479431},"size":9.301955223083496,"orthographic":false}